<?xml version="1.0" encoding="UTF-8"?>
<project name="chat_program" default="all">
  
  
  <property file="chat_program.properties"/>
  <!-- Uncomment the following property if no tests compilation is needed -->
  <!-- 
  <property name="skip.tests" value="true"/>
   -->
  
  <!-- Compiler options -->
  
  <property name="compiler.debug" value="on"/>
  <property name="compiler.generate.no.warnings" value="off"/>
  <property name="compiler.args" value=""/>
  <property name="compiler.max.memory" value="700m"/>
  <patternset id="ignored.files">
    <exclude name="**/*.hprof/**"/>
    <exclude name="**/*.pyc/**"/>
    <exclude name="**/*.pyo/**"/>
    <exclude name="**/*.rbc/**"/>
    <exclude name="**/*.yarb/**"/>
    <exclude name="**/*~/**"/>
    <exclude name="**/.DS_Store/**"/>
    <exclude name="**/.git/**"/>
    <exclude name="**/.hg/**"/>
    <exclude name="**/.svn/**"/>
    <exclude name="**/CVS/**"/>
    <exclude name="**/__pycache__/**"/>
    <exclude name="**/_svn/**"/>
    <exclude name="**/vssver.scc/**"/>
    <exclude name="**/vssver2.scc/**"/>
  </patternset>
  <patternset id="library.patterns">
    <include name="*.war"/>
    <include name="*.swc"/>
    <include name="*.zip"/>
    <include name="*.egg"/>
    <include name="*.ane"/>
    <include name="*.jar"/>
    <include name="*.ear"/>
  </patternset>
  <patternset id="compiler.resources">
    <exclude name="**/?*.java"/>
    <exclude name="**/?*.form"/>
    <exclude name="**/?*.class"/>
    <exclude name="**/?*.groovy"/>
    <exclude name="**/?*.scala"/>
    <exclude name="**/?*.flex"/>
    <exclude name="**/?*.kt"/>
    <exclude name="**/?*.clj"/>
    <exclude name="**/?*.aj"/>
  </patternset>
  
  <!-- JDK definitions -->
  
  <property name="jdk.bin.1.8" value="${jdk.home.1.8}/bin"/>
  <path id="jdk.classpath.1.8">
    <fileset dir="${jdk.home.1.8}">
      <include name="jre/lib/charsets.jar"/>
      <include name="jre/lib/ext/cldrdata.jar"/>
      <include name="jre/lib/ext/dnsns.jar"/>
      <include name="jre/lib/ext/icedtea-sound.jar"/>
      <include name="jre/lib/ext/jaccess.jar"/>
      <include name="jre/lib/ext/localedata.jar"/>
      <include name="jre/lib/ext/nashorn.jar"/>
      <include name="jre/lib/ext/sunec.jar"/>
      <include name="jre/lib/ext/sunjce_provider.jar"/>
      <include name="jre/lib/ext/sunpkcs11.jar"/>
      <include name="jre/lib/ext/zipfs.jar"/>
      <include name="jre/lib/jce.jar"/>
      <include name="jre/lib/jsse.jar"/>
      <include name="jre/lib/management-agent.jar"/>
      <include name="jre/lib/resources.jar"/>
      <include name="jre/lib/rt.jar"/>
    </fileset>
  </path>
  
  <property name="project.jdk.home" value="${jdk.home.1.8}"/>
  <property name="project.jdk.bin" value="${jdk.bin.1.8}"/>
  <property name="project.jdk.classpath" value="jdk.classpath.1.8"/>
  
  
  <!-- Project Libraries -->
  
  <path id="library.maven:_com.fasterxml.jackson.core:jackson-annotations:2.7.0.classpath">
    <pathelement location="${path.variable.maven_repository}/com/fasterxml/jackson/core/jackson-annotations/2.7.0/jackson-annotations-2.7.0.jar"/>
  </path>
  
  <path id="library.maven:_com.fasterxml.jackson.core:jackson-core:2.7.6.classpath">
    <pathelement location="${path.variable.maven_repository}/com/fasterxml/jackson/core/jackson-core/2.7.6/jackson-core-2.7.6.jar"/>
  </path>
  
  <path id="library.maven:_com.fasterxml.jackson.core:jackson-databind:2.7.6.classpath">
    <pathelement location="${path.variable.maven_repository}/com/fasterxml/jackson/core/jackson-databind/2.7.6/jackson-databind-2.7.6.jar"/>
  </path>
  
  <path id="library.maven:_com.fasterxml.jackson.dataformat:jackson-dataformat-yaml:2.7.6.classpath">
    <pathelement location="${path.variable.maven_repository}/com/fasterxml/jackson/dataformat/jackson-dataformat-yaml/2.7.6/jackson-dataformat-yaml-2.7.6.jar"/>
  </path>
  
  <path id="library.maven:_io.netty:netty-buffer:4.1.8.final.classpath">
    <pathelement location="${path.variable.maven_repository}/io/netty/netty-buffer/4.1.8.Final/netty-buffer-4.1.8.Final.jar"/>
  </path>
  
  <path id="library.maven:_io.netty:netty-codec:4.1.8.final.classpath">
    <pathelement location="${path.variable.maven_repository}/io/netty/netty-codec/4.1.8.Final/netty-codec-4.1.8.Final.jar"/>
  </path>
  
  <path id="library.maven:_io.netty:netty-common:4.1.8.final.classpath">
    <pathelement location="${path.variable.maven_repository}/io/netty/netty-common/4.1.8.Final/netty-common-4.1.8.Final.jar"/>
  </path>
  
  <path id="library.maven:_io.netty:netty-handler:4.1.8.final.classpath">
    <pathelement location="${path.variable.maven_repository}/io/netty/netty-handler/4.1.8.Final/netty-handler-4.1.8.Final.jar"/>
  </path>
  
  <path id="library.maven:_io.netty:netty-resolver:4.1.8.final.classpath">
    <pathelement location="${path.variable.maven_repository}/io/netty/netty-resolver/4.1.8.Final/netty-resolver-4.1.8.Final.jar"/>
  </path>
  
  <path id="library.maven:_io.netty:netty-transport:4.1.8.final.classpath">
    <pathelement location="${path.variable.maven_repository}/io/netty/netty-transport/4.1.8.Final/netty-transport-4.1.8.Final.jar"/>
  </path>
  
  <path id="library.maven:_io.projectreactor:reactor-core:2.0.8.release.classpath">
    <pathelement location="${path.variable.maven_repository}/io/projectreactor/reactor-core/2.0.8.RELEASE/reactor-core-2.0.8.RELEASE.jar"/>
  </path>
  
  <path id="library.maven:_io.projectreactor:reactor-stream:2.0.8.release.classpath">
    <pathelement location="${path.variable.maven_repository}/io/projectreactor/reactor-stream/2.0.8.RELEASE/reactor-stream-2.0.8.RELEASE.jar"/>
  </path>
  
  <path id="library.maven:_javax.cache:cache-api:1.0.0.classpath">
    <pathelement location="${path.variable.maven_repository}/javax/cache/cache-api/1.0.0/cache-api-1.0.0.jar"/>
  </path>
  
  <path id="library.maven:_net.bytebuddy:byte-buddy:1.4.26.classpath">
    <pathelement location="${path.variable.maven_repository}/net/bytebuddy/byte-buddy/1.4.26/byte-buddy-1.4.26.jar"/>
  </path>
  
  <path id="library.maven:_net.openhft:zero-allocation-hashing:0.5.classpath">
    <pathelement location="${path.variable.maven_repository}/net/openhft/zero-allocation-hashing/0.5/zero-allocation-hashing-0.5.jar"/>
  </path>
  
  <path id="library.maven:_org.jodd:jodd-bean:3.7.1.classpath">
    <pathelement location="${path.variable.maven_repository}/org/jodd/jodd-bean/3.7.1/jodd-bean-3.7.1.jar"/>
  </path>
  
  <path id="library.maven:_org.jodd:jodd-core:3.7.1.classpath">
    <pathelement location="${path.variable.maven_repository}/org/jodd/jodd-core/3.7.1/jodd-core-3.7.1.jar"/>
  </path>
  
  <path id="library.maven:_org.reactivestreams:reactive-streams:1.0.0.classpath">
    <pathelement location="${path.variable.maven_repository}/org/reactivestreams/reactive-streams/1.0.0/reactive-streams-1.0.0.jar"/>
  </path>
  
  <path id="library.maven:_org.redisson:redisson:3.3.0.classpath">
    <pathelement location="${path.variable.maven_repository}/org/redisson/redisson/3.3.0/redisson-3.3.0.jar"/>
  </path>
  
  <path id="library.maven:_org.slf4j:slf4j-api:1.7.21.classpath">
    <pathelement location="${path.variable.maven_repository}/org/slf4j/slf4j-api/1.7.21/slf4j-api-1.7.21.jar"/>
  </path>
  
  <path id="library.maven:_org.slf4j:slf4j-simple:1.7.21.classpath">
    <pathelement location="${path.variable.maven_repository}/org/slf4j/slf4j-simple/1.7.21/slf4j-simple-1.7.21.jar"/>
  </path>
  
  <path id="library.maven:_org.yaml:snakeyaml:1.15.classpath">
    <pathelement location="${path.variable.maven_repository}/org/yaml/snakeyaml/1.15/snakeyaml-1.15.jar"/>
  </path>
  <!-- Register Custom Compiler Taskdefs -->
  <property name="javac2.home" value="${idea.home}/lib"/>
  <path id="javac2.classpath">
    <fileset dir="${javac2.home}">
      <include name="javac2.jar"/>
      <include name="jdom.jar"/>
      <include name="asm-all*.jar"/>
      <include name="jgoodies-forms.jar"/>
    </fileset>
  </path>
  <target name="register.custom.compilers">
    <taskdef name="javac2" classname="com.intellij.ant.Javac2" classpathref="javac2.classpath"/>
    <taskdef name="instrumentIdeaExtensions" classname="com.intellij.ant.InstrumentIdeaExtensions" classpathref="javac2.classpath"/>
  </target>
  
  <!-- Modules -->
  
  <import file="${basedir}/module_chat_program.xml"/>
  
  <target name="init" description="Build initialization">
    <!-- Perform any build initialization in this target -->
  </target>
  
  <target name="clean" depends="clean.module.chat_program" description="cleanup all"/>
  
  <target name="build.modules" depends="init, clean, compile.module.chat_program" description="build all modules"/>
  
  <target name="init.artifacts">
    <property name="artifacts.temp.dir" value="${basedir}/__artifacts_temp"/>
    <property name="artifact.output.chat_program:jar" value="${basedir}/out/artifacts/chat_program_jar"/>
    <mkdir dir="${artifacts.temp.dir}"/>
    <property name="temp.jar.path.chat_program.jar" value="${artifacts.temp.dir}/chat_program.jar"/>
  </target>
  
  <target name="artifact.chat_program:jar" depends="init.artifacts, compile.module.chat_program" description="Build &#39;chat_program:jar&#39; artifact">
    <property name="artifact.temp.output.chat_program:jar" value="${artifacts.temp.dir}/chat_program_jar"/>
    <mkdir dir="${artifact.temp.output.chat_program:jar}"/>
    <jar destfile="${temp.jar.path.chat_program.jar}" duplicate="preserve" filesetmanifest="mergewithoutmain">
      <zipfileset dir="${chat_program.output.dir}"/>
      <zipfileset src="${path.variable.maven_repository}/io/netty/netty-common/4.1.8.Final/netty-common-4.1.8.Final.jar"/>
      <zipfileset src="${path.variable.maven_repository}/org/slf4j/slf4j-api/1.7.21/slf4j-api-1.7.21.jar"/>
      <zipfileset src="${path.variable.maven_repository}/net/bytebuddy/byte-buddy/1.4.26/byte-buddy-1.4.26.jar"/>
      <zipfileset src="${path.variable.maven_repository}/org/reactivestreams/reactive-streams/1.0.0/reactive-streams-1.0.0.jar"/>
      <zipfileset src="${path.variable.maven_repository}/org/jodd/jodd-bean/3.7.1/jodd-bean-3.7.1.jar"/>
      <zipfileset src="${path.variable.maven_repository}/org/jodd/jodd-core/3.7.1/jodd-core-3.7.1.jar"/>
      <zipfileset src="${path.variable.maven_repository}/io/projectreactor/reactor-core/2.0.8.RELEASE/reactor-core-2.0.8.RELEASE.jar"/>
      <zipfileset src="${path.variable.maven_repository}/com/fasterxml/jackson/dataformat/jackson-dataformat-yaml/2.7.6/jackson-dataformat-yaml-2.7.6.jar"/>
      <zipfileset src="${path.variable.maven_repository}/javax/cache/cache-api/1.0.0/cache-api-1.0.0.jar"/>
      <zipfileset src="${path.variable.maven_repository}/io/projectreactor/reactor-stream/2.0.8.RELEASE/reactor-stream-2.0.8.RELEASE.jar"/>
      <zipfileset src="${path.variable.maven_repository}/io/netty/netty-resolver/4.1.8.Final/netty-resolver-4.1.8.Final.jar"/>
      <zipfileset src="${path.variable.maven_repository}/io/netty/netty-handler/4.1.8.Final/netty-handler-4.1.8.Final.jar"/>
      <zipfileset src="${path.variable.maven_repository}/com/fasterxml/jackson/core/jackson-databind/2.7.6/jackson-databind-2.7.6.jar"/>
      <zipfileset src="${path.variable.maven_repository}/org/yaml/snakeyaml/1.15/snakeyaml-1.15.jar"/>
      <zipfileset src="${path.variable.maven_repository}/io/netty/netty-codec/4.1.8.Final/netty-codec-4.1.8.Final.jar"/>
      <zipfileset src="${path.variable.maven_repository}/com/fasterxml/jackson/core/jackson-annotations/2.7.0/jackson-annotations-2.7.0.jar"/>
      <zipfileset src="${path.variable.maven_repository}/net/openhft/zero-allocation-hashing/0.5/zero-allocation-hashing-0.5.jar"/>
      <zipfileset src="${path.variable.maven_repository}/org/slf4j/slf4j-simple/1.7.21/slf4j-simple-1.7.21.jar"/>
      <zipfileset src="${path.variable.maven_repository}/com/fasterxml/jackson/core/jackson-core/2.7.6/jackson-core-2.7.6.jar"/>
      <zipfileset src="${path.variable.maven_repository}/io/netty/netty-buffer/4.1.8.Final/netty-buffer-4.1.8.Final.jar"/>
      <zipfileset src="${path.variable.maven_repository}/io/netty/netty-transport/4.1.8.Final/netty-transport-4.1.8.Final.jar"/>
      <zipfileset src="${path.variable.maven_repository}/org/redisson/redisson/3.3.0/redisson-3.3.0.jar"/>
    </jar>
    <copy file="${temp.jar.path.chat_program.jar}" tofile="${artifact.temp.output.chat_program:jar}/chat_program.jar"/>
  </target>
  
  <target name="build.all.artifacts" depends="artifact.chat_program:jar" description="Build all artifacts">
    <mkdir dir="${artifact.output.chat_program:jar}"/>
    <copy todir="${artifact.output.chat_program:jar}">
      <fileset dir="${artifact.temp.output.chat_program:jar}"/>
    </copy>
    
    <!-- Delete temporary files -->
    <delete dir="${artifacts.temp.dir}"/>
  </target>
  
  <target name="all" depends="build.modules, build.all.artifacts" description="build all"/>
</project>