<?xml version="1.0" encoding="UTF-8"?>
<project name="module_chat_program" default="compile.module.chat_program">
  <dirname property="module.chat_program.basedir" file="${ant.file.module_chat_program}"/>
  
  <property name="module.jdk.home.chat_program" value="${project.jdk.home}"/>
  <property name="module.jdk.bin.chat_program" value="${project.jdk.bin}"/>
  <property name="module.jdk.classpath.chat_program" value="${project.jdk.classpath}"/>
  
  <property name="compiler.args.chat_program" value="-encoding UTF-8 -source 5 -target 1.5 ${compiler.args}"/>
  
  <property name="chat_program.output.dir" value="${module.chat_program.basedir}/target/classes"/>
  <property name="chat_program.testoutput.dir" value="${module.chat_program.basedir}/target/test-classes"/>
  
  <path id="chat_program.module.bootclasspath">
    <!-- Paths to be included in compilation bootclasspath -->
  </path>
  
  <path id="chat_program.module.production.classpath">
    <path refid="${module.jdk.classpath.chat_program}"/>
    <path refid="library.maven:_org.redisson:redisson:3.3.0.classpath"/>
    <path refid="library.maven:_io.netty:netty-common:4.1.8.final.classpath"/>
    <path refid="library.maven:_io.netty:netty-codec:4.1.8.final.classpath"/>
    <path refid="library.maven:_io.netty:netty-buffer:4.1.8.final.classpath"/>
    <path refid="library.maven:_io.netty:netty-transport:4.1.8.final.classpath"/>
    <path refid="library.maven:_io.netty:netty-resolver:4.1.8.final.classpath"/>
    <path refid="library.maven:_io.netty:netty-handler:4.1.8.final.classpath"/>
    <path refid="library.maven:_javax.cache:cache-api:1.0.0.classpath"/>
    <path refid="library.maven:_io.projectreactor:reactor-stream:2.0.8.release.classpath"/>
    <path refid="library.maven:_io.projectreactor:reactor-core:2.0.8.release.classpath"/>
    <path refid="library.maven:_org.reactivestreams:reactive-streams:1.0.0.classpath"/>
    <path refid="library.maven:_org.slf4j:slf4j-api:1.7.21.classpath"/>
    <path refid="library.maven:_com.fasterxml.jackson.dataformat:jackson-dataformat-yaml:2.7.6.classpath"/>
    <path refid="library.maven:_org.yaml:snakeyaml:1.15.classpath"/>
    <path refid="library.maven:_com.fasterxml.jackson.core:jackson-core:2.7.6.classpath"/>
    <path refid="library.maven:_com.fasterxml.jackson.core:jackson-databind:2.7.6.classpath"/>
    <path refid="library.maven:_com.fasterxml.jackson.core:jackson-annotations:2.7.0.classpath"/>
    <path refid="library.maven:_net.openhft:zero-allocation-hashing:0.5.classpath"/>
    <path refid="library.maven:_net.bytebuddy:byte-buddy:1.4.26.classpath"/>
    <path refid="library.maven:_org.jodd:jodd-bean:3.7.1.classpath"/>
    <path refid="library.maven:_org.jodd:jodd-core:3.7.1.classpath"/>
    <path refid="library.maven:_org.slf4j:slf4j-simple:1.7.21.classpath"/>
  </path>
  
  <path id="chat_program.runtime.production.module.classpath">
    <pathelement location="${chat_program.output.dir}"/>
    <path refid="library.maven:_org.redisson:redisson:3.3.0.classpath"/>
    <path refid="library.maven:_io.netty:netty-common:4.1.8.final.classpath"/>
    <path refid="library.maven:_io.netty:netty-codec:4.1.8.final.classpath"/>
    <path refid="library.maven:_io.netty:netty-buffer:4.1.8.final.classpath"/>
    <path refid="library.maven:_io.netty:netty-transport:4.1.8.final.classpath"/>
    <path refid="library.maven:_io.netty:netty-resolver:4.1.8.final.classpath"/>
    <path refid="library.maven:_io.netty:netty-handler:4.1.8.final.classpath"/>
    <path refid="library.maven:_javax.cache:cache-api:1.0.0.classpath"/>
    <path refid="library.maven:_io.projectreactor:reactor-stream:2.0.8.release.classpath"/>
    <path refid="library.maven:_io.projectreactor:reactor-core:2.0.8.release.classpath"/>
    <path refid="library.maven:_org.reactivestreams:reactive-streams:1.0.0.classpath"/>
    <path refid="library.maven:_org.slf4j:slf4j-api:1.7.21.classpath"/>
    <path refid="library.maven:_com.fasterxml.jackson.dataformat:jackson-dataformat-yaml:2.7.6.classpath"/>
    <path refid="library.maven:_org.yaml:snakeyaml:1.15.classpath"/>
    <path refid="library.maven:_com.fasterxml.jackson.core:jackson-core:2.7.6.classpath"/>
    <path refid="library.maven:_com.fasterxml.jackson.core:jackson-databind:2.7.6.classpath"/>
    <path refid="library.maven:_com.fasterxml.jackson.core:jackson-annotations:2.7.0.classpath"/>
    <path refid="library.maven:_net.openhft:zero-allocation-hashing:0.5.classpath"/>
    <path refid="library.maven:_net.bytebuddy:byte-buddy:1.4.26.classpath"/>
    <path refid="library.maven:_org.jodd:jodd-bean:3.7.1.classpath"/>
    <path refid="library.maven:_org.jodd:jodd-core:3.7.1.classpath"/>
    <path refid="library.maven:_org.slf4j:slf4j-simple:1.7.21.classpath"/>
  </path>
  
  <path id="chat_program.module.classpath">
    <path refid="${module.jdk.classpath.chat_program}"/>
    <pathelement location="${chat_program.output.dir}"/>
    <path refid="library.maven:_org.redisson:redisson:3.3.0.classpath"/>
    <path refid="library.maven:_io.netty:netty-common:4.1.8.final.classpath"/>
    <path refid="library.maven:_io.netty:netty-codec:4.1.8.final.classpath"/>
    <path refid="library.maven:_io.netty:netty-buffer:4.1.8.final.classpath"/>
    <path refid="library.maven:_io.netty:netty-transport:4.1.8.final.classpath"/>
    <path refid="library.maven:_io.netty:netty-resolver:4.1.8.final.classpath"/>
    <path refid="library.maven:_io.netty:netty-handler:4.1.8.final.classpath"/>
    <path refid="library.maven:_javax.cache:cache-api:1.0.0.classpath"/>
    <path refid="library.maven:_io.projectreactor:reactor-stream:2.0.8.release.classpath"/>
    <path refid="library.maven:_io.projectreactor:reactor-core:2.0.8.release.classpath"/>
    <path refid="library.maven:_org.reactivestreams:reactive-streams:1.0.0.classpath"/>
    <path refid="library.maven:_org.slf4j:slf4j-api:1.7.21.classpath"/>
    <path refid="library.maven:_com.fasterxml.jackson.dataformat:jackson-dataformat-yaml:2.7.6.classpath"/>
    <path refid="library.maven:_org.yaml:snakeyaml:1.15.classpath"/>
    <path refid="library.maven:_com.fasterxml.jackson.core:jackson-core:2.7.6.classpath"/>
    <path refid="library.maven:_com.fasterxml.jackson.core:jackson-databind:2.7.6.classpath"/>
    <path refid="library.maven:_com.fasterxml.jackson.core:jackson-annotations:2.7.0.classpath"/>
    <path refid="library.maven:_net.openhft:zero-allocation-hashing:0.5.classpath"/>
    <path refid="library.maven:_net.bytebuddy:byte-buddy:1.4.26.classpath"/>
    <path refid="library.maven:_org.jodd:jodd-bean:3.7.1.classpath"/>
    <path refid="library.maven:_org.jodd:jodd-core:3.7.1.classpath"/>
    <path refid="library.maven:_org.slf4j:slf4j-simple:1.7.21.classpath"/>
  </path>
  
  <path id="chat_program.runtime.module.classpath">
    <pathelement location="${chat_program.testoutput.dir}"/>
    <pathelement location="${chat_program.output.dir}"/>
    <path refid="library.maven:_org.redisson:redisson:3.3.0.classpath"/>
    <path refid="library.maven:_io.netty:netty-common:4.1.8.final.classpath"/>
    <path refid="library.maven:_io.netty:netty-codec:4.1.8.final.classpath"/>
    <path refid="library.maven:_io.netty:netty-buffer:4.1.8.final.classpath"/>
    <path refid="library.maven:_io.netty:netty-transport:4.1.8.final.classpath"/>
    <path refid="library.maven:_io.netty:netty-resolver:4.1.8.final.classpath"/>
    <path refid="library.maven:_io.netty:netty-handler:4.1.8.final.classpath"/>
    <path refid="library.maven:_javax.cache:cache-api:1.0.0.classpath"/>
    <path refid="library.maven:_io.projectreactor:reactor-stream:2.0.8.release.classpath"/>
    <path refid="library.maven:_io.projectreactor:reactor-core:2.0.8.release.classpath"/>
    <path refid="library.maven:_org.reactivestreams:reactive-streams:1.0.0.classpath"/>
    <path refid="library.maven:_org.slf4j:slf4j-api:1.7.21.classpath"/>
    <path refid="library.maven:_com.fasterxml.jackson.dataformat:jackson-dataformat-yaml:2.7.6.classpath"/>
    <path refid="library.maven:_org.yaml:snakeyaml:1.15.classpath"/>
    <path refid="library.maven:_com.fasterxml.jackson.core:jackson-core:2.7.6.classpath"/>
    <path refid="library.maven:_com.fasterxml.jackson.core:jackson-databind:2.7.6.classpath"/>
    <path refid="library.maven:_com.fasterxml.jackson.core:jackson-annotations:2.7.0.classpath"/>
    <path refid="library.maven:_net.openhft:zero-allocation-hashing:0.5.classpath"/>
    <path refid="library.maven:_net.bytebuddy:byte-buddy:1.4.26.classpath"/>
    <path refid="library.maven:_org.jodd:jodd-bean:3.7.1.classpath"/>
    <path refid="library.maven:_org.jodd:jodd-core:3.7.1.classpath"/>
    <path refid="library.maven:_org.slf4j:slf4j-simple:1.7.21.classpath"/>
  </path>
  
  
  <patternset id="excluded.from.module.chat_program">
    <patternset refid="ignored.files"/>
  </patternset>
  
  <patternset id="excluded.from.compilation.chat_program">
    <patternset refid="excluded.from.module.chat_program"/>
  </patternset>
  
  <path id="chat_program.module.sourcepath">
    <dirset dir="${module.chat_program.basedir}">
      <include name="src/main/java"/>
      <include name="src/main/resources"/>
    </dirset>
  </path>
  
  <path id="chat_program.module.test.sourcepath">
    <dirset dir="${module.chat_program.basedir}">
      <include name="src/test/java"/>
    </dirset>
  </path>
  
  
  <target name="compile.module.chat_program" depends="compile.module.chat_program.production,compile.module.chat_program.tests" description="Compile module chat_program"/>
  
  <target name="compile.module.chat_program.production" depends="register.custom.compilers" description="Compile module chat_program; production classes">
    <mkdir dir="${chat_program.output.dir}"/>
    <javac2 destdir="${chat_program.output.dir}" debug="${compiler.debug}" nowarn="${compiler.generate.no.warnings}" memorymaximumsize="${compiler.max.memory}" fork="true" executable="${module.jdk.bin.chat_program}/javac">
      <compilerarg line="${compiler.args.chat_program}"/>
      <bootclasspath refid="chat_program.module.bootclasspath"/>
      <classpath refid="chat_program.module.production.classpath"/>
      <src refid="chat_program.module.sourcepath"/>
      <patternset refid="excluded.from.compilation.chat_program"/>
    </javac2>
    
    <copy todir="${chat_program.output.dir}">
      <fileset dir="${module.chat_program.basedir}/src/main/java">
        <patternset refid="compiler.resources"/>
        <type type="file"/>
      </fileset>
      <fileset dir="${module.chat_program.basedir}/src/main/resources">
        <patternset refid="compiler.resources"/>
        <type type="file"/>
      </fileset>
    </copy>
  </target>
  
  <target name="compile.module.chat_program.tests" depends="register.custom.compilers,compile.module.chat_program.production" description="compile module chat_program; test classes" unless="skip.tests">
    <mkdir dir="${chat_program.testoutput.dir}"/>
    <javac2 destdir="${chat_program.testoutput.dir}" debug="${compiler.debug}" nowarn="${compiler.generate.no.warnings}" memorymaximumsize="${compiler.max.memory}" fork="true" executable="${module.jdk.bin.chat_program}/javac">
      <compilerarg line="${compiler.args.chat_program}"/>
      <bootclasspath refid="chat_program.module.bootclasspath"/>
      <classpath refid="chat_program.module.classpath"/>
      <src refid="chat_program.module.test.sourcepath"/>
      <patternset refid="excluded.from.compilation.chat_program"/>
    </javac2>
    
    <copy todir="${chat_program.testoutput.dir}">
      <fileset dir="${module.chat_program.basedir}/src/test/java">
        <patternset refid="compiler.resources"/>
        <type type="file"/>
      </fileset>
    </copy>
  </target>
  
  <target name="clean.module.chat_program" description="cleanup module">
    <delete dir="${chat_program.output.dir}"/>
    <delete dir="${chat_program.testoutput.dir}"/>
  </target>
</project>